protein_id,residue,prior_ptm
protein_0,97,palmitoylation
protein_0,99,palmitoylation
protein_0,43,palmitoylation
protein_1,27,phosphorylation
protein_1,84,phosphorylation
protein_1,87,phosphorylation
protein_2,67,sumoylation
protein_2,30,sumoylation
protein_2,65,sumoylation
protein_3,87,sumoylation
protein_3,10,sumoylation
protein_3,93,sumoylation
protein_4,29,ubiquitination
protein_4,50,ubiquitination
protein_4,9,ubiquitination
protein_5,39,methylation
protein_5,19,methylation
protein_5,64,methylation
protein_6,17,nitration
protein_6,42,nitration
protein_6,64,nitration
protein_7,77,nitration
protein_7,74,nitration
protein_7,72,nitration
protein_8,99,sumoylation
protein_8,36,sumoylation
protein_8,13,sumoylation
protein_9,71,methylation
protein_9,65,methylation
protein_9,99,methylation
protein_10,20,palmitoylation
protein_10,34,palmitoylation
protein_10,29,palmitoylation
protein_11,53,methylation
protein_11,19,methylation
protein_11,22,methylation
protein_12,55,nitration
protein_12,91,nitration
protein_12,39,nitration
protein_13,16,phosphorylation
protein_13,33,phosphorylation
protein_13,20,phosphorylation
protein_14,3,s-nitrosylation
protein_14,25,s-nitrosylation
protein_14,64,s-nitrosylation
protein_15,63,citrullination
protein_15,73,citrullination
protein_15,64,citrullination
protein_16,65,phosphorylation
protein_16,80,phosphorylation
protein_16,66,phosphorylation
protein_17,33,nitration
protein_17,11,nitration
protein_17,94,nitration
protein_18,95,acetylation
protein_18,64,acetylation
protein_18,3,acetylation
protein_19,92,sulfation
protein_19,61,sulfation
protein_19,87,sulfation
protein_20,79,hydroxylation
protein_20,11,hydroxylation
protein_20,70,hydroxylation
protein_21,35,glycosylation
protein_21,33,glycosylation
protein_21,28,glycosylation
protein_22,51,ubiquitination
protein_22,24,ubiquitination
protein_22,48,ubiquitination
protein_23,96,citrullination
protein_23,67,citrullination
protein_23,76,citrullination
protein_24,21,palmitoylation
protein_24,79,palmitoylation
protein_24,64,palmitoylation
protein_25,80,nitration
protein_25,59,nitration
protein_25,60,nitration
protein_26,99,hydroxylation
protein_26,41,hydroxylation
protein_26,21,hydroxylation
protein_27,28,sumoylation
protein_27,6,sumoylation
protein_27,60,sumoylation
protein_28,2,glycosylation
protein_28,64,glycosylation
protein_28,34,glycosylation
protein_29,16,acetylation
protein_29,89,acetylation
protein_29,57,acetylation
protein_30,17,acetylation
protein_30,22,acetylation
protein_30,35,acetylation
protein_31,7,citrullination
protein_31,48,citrullination
protein_31,77,citrullination
protein_32,13,citrullination
protein_32,22,citrullination
protein_32,56,citrullination
protein_33,60,phosphorylation
protein_33,44,phosphorylation
protein_33,7,phosphorylation
protein_34,14,s-nitrosylation
protein_34,5,s-nitrosylation
protein_34,19,s-nitrosylation
protein_35,58,citrullination
protein_35,6,citrullination
protein_35,86,citrullination
protein_36,96,glycosylation
protein_36,93,glycosylation
protein_36,36,glycosylation
protein_37,96,hydroxylation
protein_37,86,hydroxylation
protein_37,98,hydroxylation
protein_38,79,citrullination
protein_38,28,citrullination
protein_38,10,citrullination
protein_39,46,phosphorylation
protein_39,42,phosphorylation
protein_39,49,phosphorylation
protein_40,73,s-nitrosylation
protein_40,33,s-nitrosylation
protein_40,56,s-nitrosylation
protein_41,33,sumoylation
protein_41,74,sumoylation
protein_41,38,sumoylation
protein_42,76,methylation
protein_42,57,methylation
protein_42,88,methylation
protein_43,60,phosphorylation
protein_43,17,phosphorylation
protein_43,7,phosphorylation
protein_44,68,s-nitrosylation
protein_44,35,s-nitrosylation
protein_44,91,s-nitrosylation
protein_45,7,sumoylation
protein_45,85,sumoylation
protein_45,86,sumoylation
protein_46,0,methylation
protein_46,50,methylation
protein_46,49,methylation
protein_47,1,acetylation
protein_47,28,acetylation
protein_47,56,acetylation
protein_48,16,methylation
protein_48,57,methylation
protein_48,37,methylation
protein_49,93,palmitoylation
protein_49,19,palmitoylation
protein_49,84,palmitoylation
protein_50,98,myristoylation
protein_50,60,myristoylation
protein_50,48,myristoylation
protein_51,98,hydroxylation
protein_51,58,hydroxylation
protein_51,22,hydroxylation
protein_52,28,nitration
protein_52,41,nitration
protein_52,62,nitration
protein_53,71,phosphorylation
protein_53,94,phosphorylation
protein_53,93,phosphorylation
protein_54,65,palmitoylation
protein_54,0,palmitoylation
protein_54,35,palmitoylation
protein_55,18,sulfation
protein_55,20,sulfation
protein_55,46,sulfation
protein_56,55,methylation
protein_56,24,methylation
protein_56,53,methylation
protein_57,73,nitration
protein_57,21,nitration
protein_57,69,nitration
protein_58,19,sulfation
protein_58,6,sulfation
protein_58,60,sulfation
protein_59,59,sulfation
protein_59,16,sulfation
protein_59,94,sulfation
protein_60,29,glycosylation
protein_60,31,glycosylation
protein_60,56,glycosylation
protein_61,58,myristoylation
protein_61,42,myristoylation
protein_61,18,myristoylation
protein_62,5,sumoylation
protein_62,51,sumoylation
protein_62,9,sumoylation
protein_63,31,acetylation
protein_63,55,acetylation
protein_63,43,acetylation
protein_64,88,palmitoylation
protein_64,32,palmitoylation
protein_64,78,palmitoylation
protein_65,96,hydroxylation
protein_65,97,hydroxylation
protein_65,11,hydroxylation
protein_66,61,myristoylation
protein_66,13,myristoylation
protein_66,19,myristoylation
protein_67,43,ubiquitination
protein_67,10,ubiquitination
protein_67,97,ubiquitination
protein_68,10,ubiquitination
protein_68,19,ubiquitination
protein_68,69,ubiquitination
protein_69,83,ubiquitination
protein_69,2,ubiquitination
protein_69,24,ubiquitination
protein_70,58,palmitoylation
protein_70,6,palmitoylation
protein_70,37,palmitoylation
protein_71,80,nitration
protein_71,40,nitration
protein_71,18,nitration
protein_72,70,palmitoylation
protein_72,99,palmitoylation
protein_72,8,palmitoylation
protein_73,92,acetylation
protein_73,52,acetylation
protein_73,87,acetylation
protein_74,83,methylation
protein_74,12,methylation
protein_74,61,methylation
protein_75,11,citrullination
protein_75,54,citrullination
protein_75,62,citrullination
protein_76,16,sulfation
protein_76,65,sulfation
protein_76,61,sulfation
protein_77,85,phosphorylation
protein_77,43,phosphorylation
protein_77,4,phosphorylation
protein_78,28,nitration
protein_78,21,nitration
protein_78,64,nitration
protein_79,11,myristoylation
protein_79,21,myristoylation
protein_79,94,myristoylation
protein_80,25,palmitoylation
protein_80,53,palmitoylation
protein_80,56,palmitoylation
protein_81,38,myristoylation
protein_81,45,myristoylation
protein_81,64,myristoylation
protein_82,58,nitration
protein_82,92,nitration
protein_82,40,nitration
protein_83,33,ubiquitination
protein_83,70,ubiquitination
protein_83,9,ubiquitination
protein_84,47,palmitoylation
protein_84,57,palmitoylation
protein_84,4,palmitoylation
protein_85,58,myristoylation
protein_85,71,myristoylation
protein_85,20,myristoylation
protein_86,44,glycosylation
protein_86,49,glycosylation
protein_86,1,glycosylation
protein_87,22,nitration
protein_87,31,nitration
protein_87,4,nitration
protein_88,74,ubiquitination
protein_88,38,ubiquitination
protein_88,31,ubiquitination
protein_89,30,glycosylation
protein_89,80,glycosylation
protein_89,85,glycosylation
protein_90,60,phosphorylation
protein_90,25,phosphorylation
protein_90,37,phosphorylation
protein_91,79,glycosylation
protein_91,93,glycosylation
protein_91,72,glycosylation
protein_92,50,myristoylation
protein_92,56,myristoylation
protein_92,89,myristoylation
protein_93,52,sulfation
protein_93,12,sulfation
protein_93,49,sulfation
protein_94,21,ubiquitination
protein_94,65,ubiquitination
protein_94,82,ubiquitination
protein_95,57,s-nitrosylation
protein_95,38,s-nitrosylation
protein_95,68,s-nitrosylation
protein_96,16,glycosylation
protein_96,90,glycosylation
protein_96,2,glycosylation
protein_97,87,phosphorylation
protein_97,88,phosphorylation
protein_97,30,phosphorylation
protein_98,30,palmitoylation
protein_98,24,palmitoylation
protein_98,37,palmitoylation
protein_99,41,citrullination
protein_99,6,citrullination
protein_99,53,citrullination
